aircraft,mod,flap,isa_dev,cruise_alt,mach,payload,total_dist_nm,total_time_min,fuel_burned_lb,first_level_off_ft,cruise_vktas_kts,cruise_vkias_kts
CJ1,Flatwing,0,-10,41000,0.66,0,n/p,n/p,n/p,n/p,n/p,194.08381153219253
CJ1,Flatwing,0,0,41000,0.66,0,n/p,n/p,n/p,n/p,n/p,201.31930681026293
CJ1,Flatwing,0,10,41000,0.66,0,n/p,n/p,n/p,n/p,n/p,195.51313296374678
CJ1,Flatwing,0,20,41000,0.66,0,n/p,n/p,n/p,n/p,n/p,197.79314482298167
CJ1,Flatwing,0,-10,41000,0.66,300,n/p,n/p,n/p,n/p,n/p,n/p
CJ1,Flatwing,0,0,41000,0.66,300,n/p,n/p,n/p,n/p,n/p,200.2146131906869
CJ1,Flatwing,0,10,41000,0.66,300,n/p,n/p,n/p,n/p,n/p,n/p
CJ1,Flatwing,0,20,41000,0.66,300,n/p,n/p,n/p,n/p,n/p,196.65492423459804
CJ1,Flatwing,0,-10,41000,0.66,600,n/p,n/p,n/p,n/p,n/p,n/p
CJ1,Flatwing,0,0,41000,0.66,600,n/p,n/p,n/p,n/p,n/p,n/p
CJ1,Flatwing,0,10,41000,0.66,600,n/p,n/p,n/p,n/p,n/p,n/p
CJ1,Flatwing,0,20,41000,0.66,600,n/p,n/p,n/p,n/p,n/p,n/p
CJ1,Flatwing,0,-10,41000,0.66,900,n/p,n/p,n/p,n/p,n/p,n/p
CJ1,Flatwing,0,0,41000,0.66,900,n/p,n/p,n/p,n/p,n/p,n/p
CJ1,Flatwing,0,10,41000,0.66,900,n/p,n/p,n/p,n/p,n/p,n/p
CJ1,Flatwing,0,20,41000,0.66,900,n/p,n/p,n/p,n/p,n/p,n/p
CJ1,Flatwing,0,-10,41000,0.66,1200,n/p,n/p,n/p,n/p,n/p,n/p
CJ1,Flatwing,0,0,41000,0.66,1200,n/p,n/p,n/p,n/p,n/p,n/p
CJ1,Flatwing,0,10,41000,0.66,1200,n/p,n/p,n/p,n/p,n/p,n/p
CJ1,Flatwing,0,20,41000,0.66,1200,n/p,n/p,n/p,n/p,n/p,n/p
CJ1,Flatwing,0,-10,41000,0.66,1500,n/p,n/p,n/p,n/p,n/p,n/p
CJ1,Flatwing,0,0,41000,0.66,1500,n/p,n/p,n/p,n/p,n/p,n/p
CJ1,Flatwing,0,10,41000,0.66,1500,n/p,n/p,n/p,n/p,n/p,n/p
CJ1,Flatwing,0,20,41000,0.66,1500,n/p,n/p,n/p,n/p,n/p,n/p
CJ1,Flatwing,0,-10,41000,0.65,0,n/p,n/p,n/p,n/p,n/p,194.11677108490431
CJ1,Flatwing,0,0,41000,0.65,0,n/p,n/p,n/p,n/p,n/p,199.7209443848482
CJ1,Flatwing,0,10,41000,0.65,0,n/p,n/p,n/p,n/p,n/p,195.23657792361115
CJ1,Flatwing,0,20,41000,0.65,0,n/p,n/p,n/p,n/p,n/p,196.94596571218153
CJ1,Flatwing,0,-10,41000,0.65,300,n/p,n/p,n/p,n/p,n/p,192.91393167536623
CJ1,Flatwing,0,0,41000,0.65,300,n/p,n/p,n/p,n/p,n/p,199.7260370219055
CJ1,Flatwing,0,10,41000,0.65,300,n/p,n/p,n/p,n/p,n/p,194.379961395512
CJ1,Flatwing,0,20,41000,0.65,300,n/p,n/p,n/p,n/p,n/p,196.6801058082598
CJ1,Flatwing,0,-10,41000,0.65,600,n/p,n/p,n/p,n/p,n/p,192.09093823551066
CJ1,Flatwing,0,0,41000,0.65,600,n/p,n/p,n/p,n/p,n/p,199.47385168759587
CJ1,Flatwing,0,10,41000,0.65,600,n/p,n/p,n/p,n/p,n/p,193.56217105986164
CJ1,Flatwing,0,20,41000,0.65,600,n/p,n/p,n/p,n/p,n/p,195.8803193713184
CJ1,Flatwing,0,-10,41000,0.65,900,n/p,n/p,n/p,n/p,n/p,191.33744353903288
CJ1,Flatwing,0,0,41000,0.65,900,n/p,n/p,n/p,n/p,n/p,198.80441329301152
CJ1,Flatwing,0,10,41000,0.65,900,n/p,n/p,n/p,n/p,n/p,192.81892570299442
CJ1,Flatwing,0,20,41000,0.65,900,n/p,n/p,n/p,n/p,n/p,195.1734246588888
CJ1,Flatwing,0,-10,41000,0.65,1200,n/p,n/p,n/p,n/p,n/p,n/p
CJ1,Flatwing,0,0,41000,0.65,1200,n/p,n/p,n/p,n/p,n/p,198.11608078688917
CJ1,Flatwing,0,10,41000,0.65,1200,n/p,n/p,n/p,n/p,n/p,n/p
CJ1,Flatwing,0,20,41000,0.65,1200,n/p,n/p,n/p,n/p,n/p,194.44545270304314
CJ1,Flatwing,0,-10,41000,0.65,1500,n/p,n/p,n/p,n/p,n/p,n/p
CJ1,Flatwing,0,0,41000,0.65,1500,n/p,n/p,n/p,n/p,n/p,n/p
CJ1,Flatwing,0,10,41000,0.65,1500,n/p,n/p,n/p,n/p,n/p,n/p
CJ1,Flatwing,0,20,41000,0.65,1500,n/p,n/p,n/p,n/p,n/p,n/p
CJ1,Flatwing,0,-10,41000,0.64,0,n/p,n/p,n/p,n/p,n/p,190.90667392184264
CJ1,Flatwing,0,0,41000,0.64,0,n/p,n/p,n/p,n/p,n/p,196.41036844677734
CJ1,Flatwing,0,10,41000,0.64,0,n/p,n/p,n/p,n/p,n/p,191.99722935108505
CJ1,Flatwing,0,20,41000,0.64,0,n/p,n/p,n/p,n/p,n/p,193.6898426078975
CJ1,Flatwing,0,-10,41000,0.64,300,n/p,n/p,n/p,n/p,n/p,190.90897990568416
CJ1,Flatwing,0,0,41000,0.64,300,n/p,n/p,n/p,n/p,n/p,196.41538031478754
CJ1,Flatwing,0,10,41000,0.64,300,n/p,n/p,n/p,n/p,n/p,192.018438241931
CJ1,Flatwing,0,20,41000,0.64,300,n/p,n/p,n/p,n/p,n/p,193.70017604137402
CJ1,Flatwing,0,-10,41000,0.64,600,n/p,n/p,n/p,n/p,n/p,190.90270612544086
CJ1,Flatwing,0,0,41000,0.64,600,n/p,n/p,n/p,n/p,n/p,196.3953546158688
CJ1,Flatwing,0,10,41000,0.64,600,n/p,n/p,n/p,n/p,n/p,192.00945487616744
CJ1,Flatwing,0,20,41000,0.64,600,n/p,n/p,n/p,n/p,n/p,193.68752646785381
CJ1,Flatwing,0,-10,41000,0.64,900,n/p,n/p,n/p,n/p,n/p,190.90270612544086
CJ1,Flatwing,0,0,41000,0.64,900,n/p,n/p,n/p,n/p,n/p,196.3953546158688
CJ1,Flatwing,0,10,41000,0.64,900,n/p,n/p,n/p,n/p,n/p,192.00945487616744
CJ1,Flatwing,0,20,41000,0.64,900,n/p,n/p,n/p,n/p,n/p,193.68752646785381
CJ1,Flatwing,0,-10,41000,0.64,1200,n/p,n/p,n/p,n/p,n/p,190.5601823007283
CJ1,Flatwing,0,0,41000,0.64,1200,n/p,n/p,n/p,n/p,n/p,196.3953546158688
CJ1,Flatwing,0,10,41000,0.64,1200,n/p,n/p,n/p,n/p,n/p,192.00945487616744
CJ1,Flatwing,0,20,41000,0.64,1200,n/p,n/p,n/p,n/p,n/p,193.68752646785381
CJ1,Flatwing,0,-10,41000,0.64,1500,n/p,n/p,n/p,n/p,n/p,189.74276057124735
CJ1,Flatwing,0,0,41000,0.64,1500,n/p,n/p,n/p,n/p,n/p,196.3953546158688
CJ1,Flatwing,0,10,41000,0.64,1500,n/p,n/p,n/p,n/p,n/p,191.26688410256642
CJ1,Flatwing,0,20,41000,0.64,1500,n/p,n/p,n/p,n/p,n/p,193.68752646785381
CJ1,Flatwing,0,-10,41000,0.63,0,n/p,n/p,n/p,n/p,n/p,187.69574205128364
CJ1,Flatwing,0,0,41000,0.63,0,n/p,n/p,n/p,n/p,n/p,193.11068114962112
CJ1,Flatwing,0,10,41000,0.63,0,n/p,n/p,n/p,n/p,n/p,188.76868568257058
CJ1,Flatwing,0,20,41000,0.63,0,n/p,n/p,n/p,n/p,n/p,190.4440209269827
CJ1,Flatwing,0,-10,41000,0.63,300,n/p,n/p,n/p,n/p,n/p,187.69801078201536
CJ1,Flatwing,0,0,41000,0.63,300,n/p,n/p,n/p,n/p,n/p,193.11561233767674
CJ1,Flatwing,0,10,41000,0.63,300,n/p,n/p,n/p,n/p,n/p,188.78955218424778
CJ1,Flatwing,0,20,41000,0.63,300,n/p,n/p,n/p,n/p,n/p,190.45418119452566
CJ1,Flatwing,0,-10,41000,0.63,600,n/p,n/p,n/p,n/p,n/p,187.69183835465853
CJ1,Flatwing,0,0,41000,0.63,600,n/p,n/p,n/p,n/p,n/p,193.09590900965912
CJ1,Flatwing,0,10,41000,0.63,600,n/p,n/p,n/p,n/p,n/p,188.78071384234005
CJ1,Flatwing,0,20,41000,0.63,600,n/p,n/p,n/p,n/p,n/p,190.4417436004228
CJ1,Flatwing,0,-10,41000,0.63,900,n/p,n/p,n/p,n/p,n/p,187.69183835465853
CJ1,Flatwing,0,0,41000,0.63,900,n/p,n/p,n/p,n/p,n/p,193.09590900965912
CJ1,Flatwing,0,10,41000,0.63,900,n/p,n/p,n/p,n/p,n/p,188.78071384234005
CJ1,Flatwing,0,20,41000,0.63,900,n/p,n/p,n/p,n/p,n/p,190.4417436004228
CJ1,Flatwing,0,-10,41000,0.63,1200,n/p,n/p,n/p,n/p,n/p,187.69183835465853
CJ1,Flatwing,0,0,41000,0.63,1200,n/p,n/p,n/p,n/p,n/p,193.09590900965912
CJ1,Flatwing,0,10,41000,0.63,1200,n/p,n/p,n/p,n/p,n/p,188.78071384234005
CJ1,Flatwing,0,20,41000,0.63,1200,n/p,n/p,n/p,n/p,n/p,190.4417436004228
CJ1,Flatwing,0,-10,41000,0.63,1500,n/p,n/p,n/p,n/p,n/p,187.69183835465853
CJ1,Flatwing,0,0,41000,0.63,1500,n/p,n/p,n/p,n/p,n/p,193.09590900965912
CJ1,Flatwing,0,10,41000,0.63,1500,n/p,n/p,n/p,n/p,n/p,188.78071384234005
CJ1,Flatwing,0,20,41000,0.63,1500,n/p,n/p,n/p,n/p,n/p,190.4417436004228
CJ1,Flatwing,0,-10,41000,0.62,0,n/p,n/p,n/p,n/p,n/p,184.4954362815304
CJ1,Flatwing,0,0,41000,0.62,0,n/p,n/p,n/p,n/p,n/p,189.82172631274318
CJ1,Flatwing,0,10,41000,0.62,0,n/p,n/p,n/p,n/p,n/p,185.55079045872404
CJ1,Flatwing,0,20,41000,0.62,0,n/p,n/p,n/p,n/p,n/p,187.20835680478336
CJ1,Flatwing,0,-10,41000,0.62,300,n/p,n/p,n/p,n/p,n/p,184.4976678070556
CJ1,Flatwing,0,0,41000,0.62,300,n/p,n/p,n/p,n/p,n/p,189.82657691038057
CJ1,Flatwing,0,10,41000,0.62,300,n/p,n/p,n/p,n/p,n/p,185.57131499958942
CJ1,Flatwing,0,20,41000,0.62,300,n/p,n/p,n/p,n/p,n/p,187.21834444830273
CJ1,Flatwing,0,-10,41000,0.62,600,n/p,n/p,n/p,n/p,n/p,184.49159660225075
CJ1,Flatwing,0,0,41000,0.62,600,n/p,n/p,n/p,n/p,n/p,189.8071955954268
CJ1,Flatwing,0,10,41000,0.62,600,n/p,n/p,n/p,n/p,n/p,185.56262150012898
CJ1,Flatwing,0,20,41000,0.62,600,n/p,n/p,n/p,n/p,n/p,187.20611817024337
CJ1,Flatwing,0,-10,41000,0.62,900,n/p,n/p,n/p,n/p,n/p,184.49159660225075
CJ1,Flatwing,0,0,41000,0.62,900,n/p,n/p,n/p,n/p,n/p,189.8071955954268
CJ1,Flatwing,0,10,41000,0.62,900,n/p,n/p,n/p,n/p,n/p,185.56262150012898
CJ1,Flatwing,0,20,41000,0.62,900,n/p,n/p,n/p,n/p,n/p,187.20611817024337
CJ1,Flatwing,0,-10,41000,0.62,1200,n/p,n/p,n/p,n/p,n/p,184.49159660225075
CJ1,Flatwing,0,0,41000,0.62,1200,n/p,n/p,n/p,n/p,n/p,189.8071955954268
CJ1,Flatwing,0,10,41000,0.62,1200,n/p,n/p,n/p,n/p,n/p,185.56262150012898
CJ1,Flatwing,0,20,41000,0.62,1200,n/p,n/p,n/p,n/p,n/p,187.20611817024337
CJ1,Flatwing,0,-10,41000,0.62,1500,n/p,n/p,n/p,n/p,n/p,184.49159660225075
CJ1,Flatwing,0,0,41000,0.62,1500,n/p,n/p,n/p,n/p,n/p,189.8071955954268
CJ1,Flatwing,0,10,41000,0.62,1500,n/p,n/p,n/p,n/p,n/p,185.56262150012898
CJ1,Flatwing,0,20,41000,0.62,1500,n/p,n/p,n/p,n/p,n/p,187.20611817024337
CJ1,Flatwing,0,-10,39000,0.66,0,1286.441723505481,217,2740,39002,378.5286630423306,197.36104136496158
CJ1,Flatwing,0,0,39000,0.66,0,n/p,n/p,n/p,n/p,n/p,201.31930681026293
CJ1,Flatwing,0,10,39000,0.66,0,n/p,n/p,n/p,n/p,n/p,195.51313296374678
CJ1,Flatwing,0,20,39000,0.66,0,n/p,n/p,n/p,n/p,n/p,197.79314482298167
CJ1,Flatwing,0,-10,39000,0.66,300,n/p,n/p,n/p,n/p,n/p,n/p
CJ1,Flatwing,0,0,39000,0.66,300,n/p,n/p,n/p,n/p,n/p,200.2146131906869
CJ1,Flatwing,0,10,39000,0.66,300,n/p,n/p,n/p,n/p,n/p,n/p
CJ1,Flatwing,0,20,39000,0.66,300,n/p,n/p,n/p,n/p,n/p,196.65492423459804
CJ1,Flatwing,0,-10,39000,0.66,600,n/p,n/p,n/p,n/p,n/p,n/p
CJ1,Flatwing,0,0,39000,0.66,600,n/p,n/p,n/p,n/p,n/p,n/p
CJ1,Flatwing,0,10,39000,0.66,600,n/p,n/p,n/p,n/p,n/p,n/p
CJ1,Flatwing,0,20,39000,0.66,600,n/p,n/p,n/p,n/p,n/p,n/p
CJ1,Flatwing,0,-10,39000,0.66,900,n/p,n/p,n/p,n/p,n/p,n/p
CJ1,Flatwing,0,0,39000,0.66,900,n/p,n/p,n/p,n/p,n/p,n/p
CJ1,Flatwing,0,10,39000,0.66,900,n/p,n/p,n/p,n/p,n/p,n/p
CJ1,Flatwing,0,20,39000,0.66,900,n/p,n/p,n/p,n/p,n/p,n/p
CJ1,Flatwing,0,-10,39000,0.66,1200,n/p,n/p,n/p,n/p,n/p,n/p
CJ1,Flatwing,0,0,39000,0.66,1200,n/p,n/p,n/p,n/p,n/p,n/p
CJ1,Flatwing,0,10,39000,0.66,1200,n/p,n/p,n/p,n/p,n/p,n/p
CJ1,Flatwing,0,20,39000,0.66,1200,n/p,n/p,n/p,n/p,n/p,n/p
CJ1,Flatwing,0,-10,39000,0.66,1500,n/p,n/p,n/p,n/p,n/p,n/p
CJ1,Flatwing,0,0,39000,0.66,1500,n/p,n/p,n/p,n/p,n/p,n/p
CJ1,Flatwing,0,10,39000,0.66,1500,n/p,n/p,n/p,n/p,n/p,n/p
CJ1,Flatwing,0,20,39000,0.66,1500,n/p,n/p,n/p,n/p,n/p,n/p
CJ1,Flatwing,0,-10,39000,0.65,0,1289.2947603728953,218,2740,39002,372.793380268962,194.1283883868976
CJ1,Flatwing,0,0,39000,0.65,0,n/p,n/p,n/p,n/p,n/p,199.7209443848482
CJ1,Flatwing,0,10,39000,0.65,0,n/p,n/p,n/p,n/p,n/p,195.23657792361115
CJ1,Flatwing,0,20,39000,0.65,0,n/p,n/p,n/p,n/p,n/p,196.94596571218153
CJ1,Flatwing,0,-10,39000,0.65,300,1270.5582376937034,217,2740,39002,372.793380268962,194.13073167169384
CJ1,Flatwing,0,0,39000,0.65,300,n/p,n/p,n/p,n/p,n/p,199.7260370219055
CJ1,Flatwing,0,10,39000,0.65,300,n/p,n/p,n/p,n/p,n/p,194.379961395512
CJ1,Flatwing,0,20,39000,0.65,300,n/p,n/p,n/p,n/p,n/p,196.6801058082598
CJ1,Flatwing,0,-10,39000,0.65,600,1130.7123458380836,194,2500,39003,372.793380268962,194.12435640838788
CJ1,Flatwing,0,0,39000,0.65,600,n/p,n/p,n/p,n/p,n/p,199.47385168759587
CJ1,Flatwing,0,10,39000,0.65,600,n/p,n/p,n/p,n/p,n/p,193.56217105986164
CJ1,Flatwing,0,20,39000,0.65,600,n/p,n/p,n/p,n/p,n/p,195.8803193713184
CJ1,Flatwing,0,-10,39000,0.65,900,962.9553594677552,167,2200,39003,372.7777268949554,190.6411734521616
CJ1,Flatwing,0,0,39000,0.65,900,n/p,n/p,n/p,n/p,n/p,198.80441329301152
CJ1,Flatwing,0,10,39000,0.65,900,n/p,n/p,n/p,n/p,n/p,192.81892570299442
CJ1,Flatwing,0,20,39000,0.65,900,n/p,n/p,n/p,n/p,n/p,195.1734246588888
CJ1,Flatwing,0,-10,39000,0.65,1200,n/p,n/p,n/p,n/p,n/p,n/p
CJ1,Flatwing,0,0,39000,0.65,1200,n/p,n/p,n/p,n/p,n/p,198.11608078688917
CJ1,Flatwing,0,10,39000,0.65,1200,n/p,n/p,n/p,n/p,n/p,n/p
CJ1,Flatwing,0,20,39000,0.65,1200,n/p,n/p,n/p,n/p,n/p,194.44545270304314
CJ1,Flatwing,0,-10,39000,0.65,1500,n/p,n/p,n/p,n/p,n/p,n/p
CJ1,Flatwing,0,0,39000,0.65,1500,n/p,n/p,n/p,n/p,n/p,n/p
CJ1,Flatwing,0,10,39000,0.65,1500,n/p,n/p,n/p,n/p,n/p,n/p
CJ1,Flatwing,0,20,39000,0.65,1500,n/p,n/p,n/p,n/p,n/p,n/p
CJ1,Flatwing,0,-10,39000,0.64,0,1296.8652972768793,221,2740,39002,367.0580974955933,190.90667392184264
CJ1,Flatwing,0,0,39000,0.64,0,n/p,n/p,n/p,n/p,n/p,196.41036844677734
CJ1,Flatwing,0,10,39000,0.64,0,n/p,n/p,n/p,n/p,n/p,191.99722935108505
CJ1,Flatwing,0,20,39000,0.64,0,n/p,n/p,n/p,n/p,n/p,193.6898426078975
CJ1,Flatwing,0,-10,39000,0.64,300,1275.6733093536732,219,2740,39002,367.0580974955933,190.90897990568416
CJ1,Flatwing,0,0,39000,0.64,300,n/p,n/p,n/p,n/p,n/p,196.41538031478754
CJ1,Flatwing,0,10,39000,0.64,300,n/p,n/p,n/p,n/p,n/p,192.018438241931
CJ1,Flatwing,0,20,39000,0.64,300,n/p,n/p,n/p,n/p,n/p,193.70017604137402
CJ1,Flatwing,0,-10,39000,0.64,600,1134.3742591213447,196,2500,39003,367.0580974955933,190.90270612544086
CJ1,Flatwing,0,0,39000,0.64,600,n/p,n/p,n/p,n/p,n/p,196.3953546158688
CJ1,Flatwing,0,10,39000,0.64,600,n/p,n/p,n/p,n/p,n/p,192.00945487616744
CJ1,Flatwing,0,20,39000,0.64,600,n/p,n/p,n/p,n/p,n/p,193.68752646785381
CJ1,Flatwing,0,-10,39000,0.64,900,964.1000861164543,168,2200,39003,367.0580974955933,190.90270612544086
CJ1,Flatwing,0,0,39000,0.64,900,n/p,n/p,n/p,n/p,n/p,196.3953546158688
CJ1,Flatwing,0,10,39000,0.64,900,n/p,n/p,n/p,n/p,n/p,192.00945487616744
CJ1,Flatwing,0,20,39000,0.64,900,n/p,n/p,n/p,n/p,n/p,193.68752646785381
CJ1,Flatwing,0,-10,39000,0.64,1200,795.8651247643172,140,1900,39003,367.0580974955933,190.90270612544086
CJ1,Flatwing,0,0,39000,0.64,1200,n/p,n/p,n/p,n/p,n/p,196.3953546158688
CJ1,Flatwing,0,10,39000,0.64,1200,n/p,n/p,n/p,n/p,n/p,192.00945487616744
CJ1,Flatwing,0,20,39000,0.64,1200,n/p,n/p,n/p,n/p,n/p,193.68752646785381
CJ1,Flatwing,0,-10,39000,0.64,1500,629.6693750649285,113,1600,39003,367.0580974955933,190.90270612544086
CJ1,Flatwing,0,0,39000,0.64,1500,n/p,n/p,n/p,n/p,n/p,196.3953546158688
CJ1,Flatwing,0,10,39000,0.64,1500,n/p,n/p,n/p,n/p,n/p,191.26688410256642
CJ1,Flatwing,0,20,39000,0.64,1500,n/p,n/p,n/p,n/p,n/p,193.68752646785381
CJ1,Flatwing,0,-10,39000,0.63,0,1305.5094780474717,225,2740,39002,361.3228147222247,187.69574205128364
CJ1,Flatwing,0,0,39000,0.63,0,n/p,n/p,n/p,n/p,n/p,193.11068114962112
CJ1,Flatwing,0,10,39000,0.63,0,n/p,n/p,n/p,n/p,n/p,188.76868568257058
CJ1,Flatwing,0,20,39000,0.63,0,n/p,n/p,n/p,n/p,n/p,190.4440209269827
CJ1,Flatwing,0,-10,39000,0.63,300,1283.1011961187924,222,2740,39002,361.3228147222247,187.69801078201536
CJ1,Flatwing,0,0,39000,0.63,300,n/p,n/p,n/p,n/p,n/p,193.11561233767674
CJ1,Flatwing,0,10,39000,0.63,300,n/p,n/p,n/p,n/p,n/p,188.78955218424778
CJ1,Flatwing,0,20,39000,0.63,300,n/p,n/p,n/p,n/p,n/p,190.45418119452566
CJ1,Flatwing,0,-10,39000,0.63,600,1140.469046782851,199,2500,39003,361.3228147222247,187.69183835465853
CJ1,Flatwing,0,0,39000,0.63,600,n/p,n/p,n/p,n/p,n/p,193.09590900965912
CJ1,Flatwing,0,10,39000,0.63,600,n/p,n/p,n/p,n/p,n/p,188.78071384234005
CJ1,Flatwing,0,20,39000,0.63,600,n/p,n/p,n/p,n/p,n/p,190.4417436004228
CJ1,Flatwing,0,-10,39000,0.63,900,968.8407097897906,170,2200,39003,361.3228147222247,187.69183835465853
CJ1,Flatwing,0,0,39000,0.63,900,n/p,n/p,n/p,n/p,n/p,193.09590900965912
CJ1,Flatwing,0,10,39000,0.63,900,n/p,n/p,n/p,n/p,n/p,188.78071384234005
CJ1,Flatwing,0,20,39000,0.63,900,n/p,n/p,n/p,n/p,n/p,190.4417436004228
CJ1,Flatwing,0,-10,39000,0.63,1200,799.2197217674094,142,1900,39003,361.3228147222247,187.69183835465853
CJ1,Flatwing,0,0,39000,0.63,1200,n/p,n/p,n/p,n/p,n/p,193.09590900965912
CJ1,Flatwing,0,10,39000,0.63,1200,n/p,n/p,n/p,n/p,n/p,188.78071384234005
CJ1,Flatwing,0,20,39000,0.63,1200,n/p,n/p,n/p,n/p,n/p,190.4417436004228
CJ1,Flatwing,0,-10,39000,0.63,1500,630.6024082303678,114,1600,39003,361.3228147222247,187.69183835465853
CJ1,Flatwing,0,0,39000,0.63,1500,n/p,n/p,n/p,n/p,n/p,193.09590900965912
CJ1,Flatwing,0,10,39000,0.63,1500,n/p,n/p,n/p,n/p,n/p,188.78071384234005
CJ1,Flatwing,0,20,39000,0.63,1500,n/p,n/p,n/p,n/p,n/p,190.4417436004228
CJ1,Flatwing,0,-10,39000,0.62,0,1314.1621097631453,230,2740,39002,355.587531948856,184.4954362815304
CJ1,Flatwing,0,0,39000,0.62,0,n/p,n/p,n/p,n/p,n/p,189.82172631274318
CJ1,Flatwing,0,10,39000,0.62,0,n/p,n/p,n/p,n/p,n/p,185.55079045872404
CJ1,Flatwing,0,20,39000,0.62,0,n/p,n/p,n/p,n/p,n/p,187.20835680478336
CJ1,Flatwing,0,-10,39000,0.62,300,1291.50934614354,226,2740,39002,355.587531948856,184.4976678070556
CJ1,Flatwing,0,0,39000,0.62,300,n/p,n/p,n/p,n/p,n/p,189.82657691038057
CJ1,Flatwing,0,10,39000,0.62,300,n/p,n/p,n/p,n/p,n/p,185.57131499958942
CJ1,Flatwing,0,20,39000,0.62,300,n/p,n/p,n/p,n/p,n/p,187.21834444830273
CJ1,Flatwing,0,-10,39000,0.62,600,1147.3197794091298,202,2500,39003,355.587531948856,184.49159660225075
CJ1,Flatwing,0,0,39000,0.62,600,n/p,n/p,n/p,n/p,n/p,189.8071955954268
CJ1,Flatwing,0,10,39000,0.62,600,n/p,n/p,n/p,n/p,n/p,185.56262150012898
CJ1,Flatwing,0,20,39000,0.62,600,n/p,n/p,n/p,n/p,n/p,187.20611817024337
CJ1,Flatwing,0,-10,39000,0.62,900,973.4769860119205,173,2200,39003,355.587531948856,184.49159660225075
CJ1,Flatwing,0,0,39000,0.62,900,n/p,n/p,n/p,n/p,n/p,189.8071955954268
CJ1,Flatwing,0,10,39000,0.62,900,n/p,n/p,n/p,n/p,n/p,185.56262150012898
CJ1,Flatwing,0,20,39000,0.62,900,n/p,n/p,n/p,n/p,n/p,187.20611817024337
CJ1,Flatwing,0,-10,39000,0.62,1200,802.5974220476182,144,1900,39003,355.587531948856,184.49159660225075
CJ1,Flatwing,0,0,39000,0.62,1200,n/p,n/p,n/p,n/p,n/p,189.8071955954268
CJ1,Flatwing,0,10,39000,0.62,1200,n/p,n/p,n/p,n/p,n/p,185.56262150012898
CJ1,Flatwing,0,20,39000,0.62,1200,n/p,n/p,n/p,n/p,n/p,187.20611817024337
CJ1,Flatwing,0,-10,39000,0.62,1500,633.6933443719163,116,1600,39003,355.587531948856,184.49159660225075
CJ1,Flatwing,0,0,39000,0.62,1500,n/p,n/p,n/p,n/p,n/p,189.8071955954268
CJ1,Flatwing,0,10,39000,0.62,1500,n/p,n/p,n/p,n/p,n/p,185.56262150012898
CJ1,Flatwing,0,20,39000,0.62,1500,n/p,n/p,n/p,n/p,n/p,187.20611817024337
CJ1,Flatwing,0,-10,37000,0.66,0,1199.968925661166,200,2740,37001,378.5286630423306,207.67758535841978
CJ1,Flatwing,0,0,37000,0.66,0,1250.2171040114415,209,2740,37001,378.5286630423306,203.0425644747437
CJ1,Flatwing,0,10,37000,0.66,0,1297.4615916968714,218,2740,37005,378.5286630423306,198.48688726593693
CJ1,Flatwing,0,20,37000,0.66,0,n/p,n/p,n/p,n/p,n/p,197.79314482298167
CJ1,Flatwing,0,-10,37000,0.66,300,1186.74566821472,199,2740,37006,378.5286630423306,207.6538781890771
CJ1,Flatwing,0,0,37000,0.66,300,1234.7966452202004,208,2740,37000,378.5286630423306,203.0477379694085
CJ1,Flatwing,0,10,37000,0.66,300,n/p,n/p,n/p,n/p,n/p,n/p
CJ1,Flatwing,0,20,37000,0.66,300,n/p,n/p,n/p,n/p,n/p,196.65492423459804
CJ1,Flatwing,0,-10,37000,0.66,600,1059.1149188935053,179,2500,37002,378.5286630423306,207.67293361895096
CJ1,Flatwing,0,0,37000,0.66,600,n/p,n/p,n/p,n/p,n/p,n/p
CJ1,Flatwing,0,10,37000,0.66,600,n/p,n/p,n/p,n/p,n/p,n/p
CJ1,Flatwing,0,20,37000,0.66,600,n/p,n/p,n/p,n/p,n/p,n/p
CJ1,Flatwing,0,-10,37000,0.66,900,n/p,n/p,n/p,n/p,n/p,n/p
CJ1,Flatwing,0,0,37000,0.66,900,n/p,n/p,n/p,n/p,n/p,n/p
CJ1,Flatwing,0,10,37000,0.66,900,n/p,n/p,n/p,n/p,n/p,n/p
CJ1,Flatwing,0,20,37000,0.66,900,n/p,n/p,n/p,n/p,n/p,n/p
CJ1,Flatwing,0,-10,37000,0.66,1200,n/p,n/p,n/p,n/p,n/p,n/p
CJ1,Flatwing,0,0,37000,0.66,1200,n/p,n/p,n/p,n/p,n/p,n/p
CJ1,Flatwing,0,10,37000,0.66,1200,n/p,n/p,n/p,n/p,n/p,n/p
CJ1,Flatwing,0,20,37000,0.66,1200,n/p,n/p,n/p,n/p,n/p,n/p
CJ1,Flatwing,0,-10,37000,0.66,1500,n/p,n/p,n/p,n/p,n/p,n/p
CJ1,Flatwing,0,0,37000,0.66,1500,n/p,n/p,n/p,n/p,n/p,n/p
CJ1,Flatwing,0,10,37000,0.66,1500,n/p,n/p,n/p,n/p,n/p,n/p
CJ1,Flatwing,0,20,37000,0.66,1500,n/p,n/p,n/p,n/p,n/p,n/p
CJ1,Flatwing,0,-10,37000,0.65,0,1207.2580815190765,203,2740,37001,372.793380268962,204.28363780424746
CJ1,Flatwing,0,0,37000,0.65,0,1255.6522572729448,211,2740,37001,372.793380268962,199.7209443848482
CJ1,Flatwing,0,10,37000,0.65,0,1301.1616268979717,219,2740,37005,372.793380268962,195.23657792361115
CJ1,Flatwing,0,20,37000,0.65,0,n/p,n/p,n/p,n/p,n/p,196.94596571218153
CJ1,Flatwing,0,-10,37000,0.65,300,1191.228822029148,201,2740,37006,372.793380268962,204.26029998913006
CJ1,Flatwing,0,0,37000,0.65,300,1238.5549701428545,209,2740,37000,372.793380268962,199.7260370219055
CJ1,Flatwing,0,10,37000,0.65,300,1282.4520329792974,218,2740,37001,372.793380268962,195.2581296311791
CJ1,Flatwing,0,20,37000,0.65,300,n/p,n/p,n/p,n/p,n/p,196.6801058082598
CJ1,Flatwing,0,-10,37000,0.65,600,1062.8470523418332,181,2500,37002,372.793380268962,204.2790585377201
CJ1,Flatwing,0,0,37000,0.65,600,1105.072699291836,188,2500,37005,372.793380268962,199.70568859602074
CJ1,Flatwing,0,10,37000,0.65,600,1144.8211222849357,196,2500,37003,372.793380268962,195.24900106049208
CJ1,Flatwing,0,20,37000,0.65,600,n/p,n/p,n/p,n/p,n/p,195.8803193713184
CJ1,Flatwing,0,-10,37000,0.65,900,906.4809400623499,155,2200,37002,372.793380268962,204.2790585377201
CJ1,Flatwing,0,0,37000,0.65,900,943.5289011752837,162,2200,37005,372.793380268962,199.70568859602074
CJ1,Flatwing,0,10,37000,0.65,900,977.0641011639004,169,2200,37003,372.793380268962,195.24900106049208
CJ1,Flatwing,0,20,37000,0.65,900,n/p,n/p,n/p,n/p,n/p,195.1734246588888
CJ1,Flatwing,0,-10,37000,0.65,1200,752.185902117694,131,1900,37002,372.793380268962,204.2790585377201
CJ1,Flatwing,0,0,37000,0.65,1200,784.0561773935589,136,1900,37005,372.793380268962,199.70568859602074
CJ1,Flatwing,0,10,37000,0.65,1200,n/p,n/p,n/p,n/p,n/p,n/p
CJ1,Flatwing,0,20,37000,0.65,1200,n/p,n/p,n/p,n/p,n/p,194.44545270304314
CJ1,Flatwing,0,-10,37000,0.65,1500,598.9264013404521,106,1600,37002,372.793380268962,204.2790585377201
CJ1,Flatwing,0,0,37000,0.65,1500,n/p,n/p,n/p,n/p,n/p,n/p
CJ1,Flatwing,0,10,37000,0.65,1500,n/p,n/p,n/p,n/p,n/p,n/p
CJ1,Flatwing,0,20,37000,0.65,1500,n/p,n/p,n/p,n/p,n/p,n/p
CJ1,Flatwing,0,-10,37000,0.64,0,1217.1260793650608,207,2740,37001,367.0580974955933,200.90080811101475
CJ1,Flatwing,0,0,37000,0.64,0,1264.09115862975,215,2740,37001,367.0580974955933,196.41036844677734
CJ1,Flatwing,0,10,37000,0.64,0,1308.5031421372412,223,2740,37005,367.0580974955933,191.99722935108505
CJ1,Flatwing,0,20,37000,0.64,0,n/p,n/p,n/p,n/p,n/p,193.6898426078975
CJ1,Flatwing,0,-10,37000,0.64,300,1200.7321158557713,205,2740,37006,367.0580974955933,200.8778393019627
CJ1,Flatwing,0,0,37000,0.64,300,1246.3832004616017,212,2740,37000,367.0580974955933,196.41538031478754
CJ1,Flatwing,0,10,37000,0.64,300,1288.329504339551,220,2740,37001,367.0580974955933,192.018438241931
CJ1,Flatwing,0,20,37000,0.64,300,n/p,n/p,n/p,n/p,n/p,193.70017604137402
CJ1,Flatwing,0,-10,37000,0.64,600,1070.0922261101557,184,2500,37002,367.0580974955933,200.8963012491375
CJ1,Flatwing,0,0,37000,0.64,600,1111.3399901073662,190,2500,37005,367.0580974955933,196.3953546158688
CJ1,Flatwing,0,10,37000,0.64,600,1148.1913607926735,197,2500,37003,367.0580974955933,192.00945487616744
CJ1,Flatwing,0,20,37000,0.64,600,n/p,n/p,n/p,n/p,n/p,193.68752646785381
CJ1,Flatwing,0,-10,37000,0.64,900,913.0729288481609,158,2200,37002,367.0580974955933,200.8963012491375
CJ1,Flatwing,0,0,37000,0.64,900,948.2030578871121,164,2200,37005,367.0580974955933,196.3953546158688
CJ1,Flatwing,0,10,37000,0.64,900,979.9563994405364,170,2200,37003,367.0580974955933,192.00945487616744
CJ1,Flatwing,0,20,37000,0.64,900,n/p,n/p,n/p,n/p,n/p,193.68752646785381
CJ1,Flatwing,0,-10,37000,0.64,1200,756.0536315861663,132,1900,37002,367.0580974955933,200.8963012491375
CJ1,Flatwing,0,0,37000,0.64,1200,786.0857314932344,137,1900,37005,367.0580974955933,196.3953546158688
CJ1,Flatwing,0,10,37000,0.64,1200,812.7410439147758,142,1900,37003,367.0580974955933,192.00945487616744
CJ1,Flatwing,0,20,37000,0.64,1200,n/p,n/p,n/p,n/p,n/p,193.68752646785381
CJ1,Flatwing,0,-10,37000,0.64,1500,602.0931518032946,107,1600,37002,367.0580974955933,200.8963012491375
CJ1,Flatwing,0,0,37000,0.64,1500,626.0076167521052,111,1600,37005,367.0580974955933,196.3953546158688
CJ1,Flatwing,0,10,37000,0.64,1500,647.5649000417652,115,1600,37003,367.0580974955933,192.00945487616744
CJ1,Flatwing,0,20,37000,0.64,1500,n/p,n/p,n/p,n/p,n/p,193.68752646785381
CJ1,Flatwing,0,-10,37000,0.63,0,1227.857245766419,212,2740,37001,361.3228147222247,197.52894136216156
CJ1,Flatwing,0,0,37000,0.63,0,1274.9323796222193,219,2740,37001,361.3228147222247,193.11068114962112
CJ1,Flatwing,0,10,37000,0.63,0,1317.1487795352753,227,2740,37005,361.3228147222247,188.76868568257058
CJ1,Flatwing,0,20,37000,0.63,0,n/p,n/p,n/p,n/p,n/p,190.4440209269827
CJ1,Flatwing,0,-10,37000,0.63,300,1209.9318397398406,209,2740,37006,361.3228147222247,197.50634120737575
CJ1,Flatwing,0,0,37000,0.63,300,1255.0010091912793,217,2740,37000,361.3228147222247,193.11561233767674
CJ1,Flatwing,0,10,37000,0.63,300,1296.503801790201,224,2740,37001,361.3228147222247,188.78955218424778
CJ1,Flatwing,0,20,37000,0.63,300,n/p,n/p,n/p,n/p,n/p,190.45418119452566
CJ1,Flatwing,0,-10,37000,0.63,600,1077.8723610377726,187,2500,37002,361.3228147222247,197.52450683592872
CJ1,Flatwing,0,0,37000,0.63,600,1118.246788074253,194,2500,37005,361.3228147222247,193.09590900965912
CJ1,Flatwing,0,10,37000,0.63,600,1154.9890707945003,200,2500,37003,361.3228147222247,188.78071384234005
CJ1,Flatwing,0,20,37000,0.63,600,n/p,n/p,n/p,n/p,n/p,190.4417436004228
CJ1,Flatwing,0,-10,37000,0.63,900,919.2917923541263,161,2200,37002,361.3228147222247,197.52450683592872
CJ1,Flatwing,0,0,37000,0.63,900,953.6441724785692,167,2200,37005,361.3228147222247,193.09590900965912
CJ1,Flatwing,0,10,37000,0.63,900,984.3644082867796,172,2200,37003,361.3228147222247,188.78071384234005
CJ1,Flatwing,0,20,37000,0.63,900,n/p,n/p,n/p,n/p,n/p,190.4417436004228
CJ1,Flatwing,0,-10,37000,0.63,1200,761.7148981558195,135,1900,37002,361.3228147222247,197.52450683592872
CJ1,Flatwing,0,0,37000,0.63,1200,791.0489058535647,140,1900,37005,361.3228147222247,193.09590900965912
CJ1,Flatwing,0,10,37000,0.63,1200,815.7470947497379,144,1900,37003,361.3228147222247,188.78071384234005
CJ1,Flatwing,0,20,37000,0.63,1200,n/p,n/p,n/p,n/p,n/p,190.4417436004228
CJ1,Flatwing,0,-10,37000,0.63,1500,605.1416784428524,109,1600,37002,361.3228147222247,197.52450683592872
CJ1,Flatwing,0,0,37000,0.63,1500,629.4573137138998,113,1600,37005,361.3228147222247,193.09590900965912
CJ1,Flatwing,0,10,37000,0.63,1500,649.1371301833755,116,1600,37003,361.3228147222247,188.78071384234005
CJ1,Flatwing,0,20,37000,0.63,1500,n/p,n/p,n/p,n/p,n/p,190.4417436004228
CJ1,Flatwing,0,-10,37000,0.62,0,1237.5957957375088,216,2740,37001,355.587531948856,194.1678818910136
CJ1,Flatwing,0,0,37000,0.62,0,1284.6803069237137,224,2740,37001,355.587531948856,189.82172631274318
CJ1,Flatwing,0,10,37000,0.62,0,1327.0712280587863,231,2740,37005,355.587531948856,185.55079045872404
CJ1,Flatwing,0,20,37000,0.62,0,n/p,n/p,n/p,n/p,n/p,187.20835680478336
CJ1,Flatwing,0,-10,37000,0.62,300,1219.6257643991196,213,2740,37006,355.587531948856,194.14565003547443
CJ1,Flatwing,0,0,37000,0.62,300,1264.287630393953,221,2740,37000,355.587531948856,189.82657691038057
CJ1,Flatwing,0,10,37000,0.62,300,1304.618250218863,228,2740,37001,355.587531948856,185.57131499958942
CJ1,Flatwing,0,20,37000,0.62,300,n/p,n/p,n/p,n/p,n/p,187.21834444830273
CJ1,Flatwing,0,-10,37000,0.62,600,1086.2396829971178,191,2500,37002,355.587531948856,194.16351963078696
CJ1,Flatwing,0,0,37000,0.62,600,1126.295792941886,198,2500,37005,355.587531948856,189.8071955954268
CJ1,Flatwing,0,10,37000,0.62,600,1161.4953838239792,204,2500,37003,355.587531948856,185.56262150012898
CJ1,Flatwing,0,20,37000,0.62,600,n/p,n/p,n/p,n/p,n/p,187.20611817024337
CJ1,Flatwing,0,-10,37000,0.62,900,926.225293620141,164,2200,37002,355.587531948856,194.16351963078696
CJ1,Flatwing,0,0,37000,0.62,900,960.3549446990953,170,2200,37005,355.587531948856,189.8071955954268
CJ1,Flatwing,0,10,37000,0.62,900,989.6280767153746,175,2200,37003,355.587531948856,185.56262150012898
CJ1,Flatwing,0,20,37000,0.62,900,n/p,n/p,n/p,n/p,n/p,187.20611817024337
CJ1,Flatwing,0,-10,37000,0.62,1200,766.2109042431644,137,1900,37002,355.587531948856,194.16351963078696
CJ1,Flatwing,0,0,37000,0.62,1200,795.401839600607,142,1900,37005,355.587531948856,189.8071955954268
CJ1,Flatwing,0,10,37000,0.62,1200,819.7362558953747,146,1900,37003,355.587531948856,185.56262150012898
CJ1,Flatwing,0,20,37000,0.62,1200,n/p,n/p,n/p,n/p,n/p,187.20611817024337
CJ1,Flatwing,0,-10,37000,0.62,1500,609.1597442990883,110,1600,37002,355.587531948856,194.16351963078696
CJ1,Flatwing,0,0,37000,0.62,1500,632.4242207907189,114,1600,37005,355.587531948856,189.8071955954268
CJ1,Flatwing,0,10,37000,0.62,1500,651.8199213639765,118,1600,37003,355.587531948856,185.56262150012898
CJ1,Flatwing,0,20,37000,0.62,1500,n/p,n/p,n/p,n/p,n/p,187.20611817024337
CJ1,Tamarack,0,-10,41000,0.66,0,1466.9307030677242,245,2740,41002,378.5286630423306,186.58804163728672
CJ1,Tamarack,0,0,41000,0.66,0,1530.6841962271492,257,2740,41004,378.5286630423306,182.40044877647247
CJ1,Tamarack,0,10,41000,0.66,0,n/p,n/p,n/p,n/p,n/p,188.59920511274277
CJ1,Tamarack,0,20,41000,0.66,0,n/p,n/p,n/p,n/p,n/p,183.42968644277187
CJ1,Tamarack,0,-10,41000,0.66,364,1394.8056466033893,234,2657,41004,378.5286630423306,186.58032694959658
CJ1,Tamarack,0,0,41000,0.66,364,1448.5301204902596,245,2657,40900,378.5286630423306,179.92896606729863
CJ1,Tamarack,0,10,41000,0.66,364,n/p,n/p,n/p,n/p,n/p,188.5766436395333
CJ1,Tamarack,0,20,41000,0.66,364,n/p,n/p,n/p,n/p,n/p,182.17432215103594
CJ1,Tamarack,0,-10,41000,0.66,728,1159.2767007103982,197,2293,41004,378.5286630423306,186.58032694959658
CJ1,Tamarack,0,0,41000,0.66,728,n/p,n/p,n/p,n/p,n/p,n/p
CJ1,Tamarack,0,10,41000,0.66,728,n/p,n/p,n/p,n/p,n/p,187.877900106659
CJ1,Tamarack,0,20,41000,0.66,728,n/p,n/p,n/p,n/p,n/p,181.39600198110597
CJ1,Tamarack,0,-10,41000,0.66,1093,n/p,n/p,n/p,n/p,n/p,n/p
CJ1,Tamarack,0,0,41000,0.66,1093,n/p,n/p,n/p,n/p,n/p,n/p
CJ1,Tamarack,0,10,41000,0.66,1093,n/p,n/p,n/p,n/p,n/p,187.15665345512696
CJ1,Tamarack,0,20,41000,0.66,1093,n/p,n/p,n/p,n/p,n/p,n/p
CJ1,Tamarack,0,-10,41000,0.66,1457,n/p,n/p,n/p,n/p,n/p,n/p
CJ1,Tamarack,0,0,41000,0.66,1457,n/p,n/p,n/p,n/p,n/p,n/p
CJ1,Tamarack,0,10,41000,0.66,1457,n/p,n/p,n/p,n/p,n/p,n/p
CJ1,Tamarack,0,20,41000,0.66,1457,n/p,n/p,n/p,n/p,n/p,n/p
CJ1,Tamarack,0,-10,41000,0.66,1821,n/p,n/p,n/p,n/p,n/p,n/p
CJ1,Tamarack,0,0,41000,0.66,1821,n/p,n/p,n/p,n/p,n/p,n/p
CJ1,Tamarack,0,10,41000,0.66,1821,n/p,n/p,n/p,n/p,n/p,n/p
CJ1,Tamarack,0,20,41000,0.66,1821,n/p,n/p,n/p,n/p,n/p,n/p
CJ1,Tamarack,0,-10,41000,0.65,0,1477.6343075653733,249,2740,41002,372.793380268962,183.52499021383562
CJ1,Tamarack,0,0,41000,0.65,0,1535.9580978524873,259,2740,41004,372.793380268962,179.40363383092924
CJ1,Tamarack,0,10,41000,0.65,0,n/p,n/p,n/p,n/p,n/p,185.50440337141657
CJ1,Tamarack,0,20,41000,0.65,0,n/p,n/p,n/p,n/p,n/p,181.36899622902942
CJ1,Tamarack,0,-10,41000,0.65,364,1401.8763545508698,237,2657,41004,372.793380268962,183.51739739481758
CJ1,Tamarack,0,0,41000,0.65,364,1452.6356067650245,247,2657,40900,372.793380268962,179.93099615215135
CJ1,Tamarack,0,10,41000,0.65,364,n/p,n/p,n/p,n/p,n/p,185.5080182534697
CJ1,Tamarack,0,20,41000,0.65,364,n/p,n/p,n/p,n/p,n/p,181.35018052534366
CJ1,Tamarack,0,-10,41000,0.65,728,1163.7028060456994,199,2293,41004,372.793380268962,183.51739739481758
CJ1,Tamarack,0,0,41000,0.65,728,1206.1777609205515,207,2293,40900,372.793380268962,179.12695570334773
CJ1,Tamarack,0,10,41000,0.65,728,n/p,n/p,n/p,n/p,n/p,185.5080182534697
CJ1,Tamarack,0,20,41000,0.65,728,n/p,n/p,n/p,n/p,n/p,181.35018052534366
CJ1,Tamarack,0,-10,41000,0.65,1093,926.5647947079398,161,1928,41004,372.793380268962,183.51739739481758
CJ1,Tamarack,0,0,41000,0.65,1093,962.826526578309,168,1928,40900,372.793380268962,178.2656698180371
CJ1,Tamarack,0,10,41000,0.65,1093,n/p,n/p,n/p,n/p,n/p,185.5080182534697
CJ1,Tamarack,0,20,41000,0.65,1093,n/p,n/p,n/p,n/p,n/p,180.5863328167113
CJ1,Tamarack,0,-10,41000,0.65,1457,693.5689320398353,123,1564,41004,372.793380268962,183.51739739481758
CJ1,Tamarack,0,0,41000,0.65,1457,n/p,n/p,n/p,n/p,n/p,n/p
CJ1,Tamarack,0,10,41000,0.65,1457,n/p,n/p,n/p,n/p,n/p,185.5080182534697
CJ1,Tamarack,0,20,41000,0.65,1457,n/p,n/p,n/p,n/p,n/p,179.73198696427542
CJ1,Tamarack,0,-10,41000,0.65,1821,463.1863694465075,86,1200,41004,372.30694540508676,182.10646201630482
CJ1,Tamarack,0,0,41000,0.65,1821,n/p,n/p,n/p,n/p,n/p,n/p
CJ1,Tamarack,0,10,41000,0.65,1821,n/p,n/p,n/p,n/p,n/p,185.5080182534697
CJ1,Tamarack,0,20,41000,0.65,1821,n/p,n/p,n/p,n/p,n/p,n/p
CJ1,Tamarack,0,-10,41000,0.64,0,1489.4675475967126,254,2740,41002,367.0580974955933,180.47263191803728
CJ1,Tamarack,0,0,41000,0.64,0,1546.5215161681526,263,2740,41004,367.0580974955933,176.41740111482002
CJ1,Tamarack,0,10,41000,0.64,0,n/p,n/p,n/p,n/p,n/p,182.42034496745242
CJ1,Tamarack,0,20,41000,0.64,0,n/p,n/p,n/p,n/p,n/p,178.35120953278178
CJ1,Tamarack,0,-10,41000,0.64,364,1412.683923488131,242,2657,41004,367.0580974955933,180.4651607712565
CJ1,Tamarack,0,0,41000,0.64,364,1460.6661408712946,250,2657,40900,367.0580974955933,176.9362929647638
CJ1,Tamarack,0,10,41000,0.64,364,n/p,n/p,n/p,n/p,n/p,182.42390199279046
CJ1,Tamarack,0,20,41000,0.64,364,n/p,n/p,n/p,n/p,n/p,178.33269573954155
CJ1,Tamarack,0,-10,41000,0.64,728,1172.0569484632513,202,2293,41004,367.0580974955933,180.4651607712565
CJ1,Tamarack,0,0,41000,0.64,728,1211.8823192353948,209,2293,40900,367.0580974955933,176.9362929647638
CJ1,Tamarack,0,10,41000,0.64,728,n/p,n/p,n/p,n/p,n/p,182.42390199279046
CJ1,Tamarack,0,20,41000,0.64,728,n/p,n/p,n/p,n/p,n/p,178.33269573954155
CJ1,Tamarack,0,-10,41000,0.64,1093,932.449579264753,163,1928,41004,367.0580974955933,180.4651607712565
CJ1,Tamarack,0,0,41000,0.64,1093,966.157315078637,169,1928,40900,367.0580974955933,176.9362929647638
CJ1,Tamarack,0,10,41000,0.64,1093,n/p,n/p,n/p,n/p,n/p,182.42390199279046
CJ1,Tamarack,0,20,41000,0.64,1093,n/p,n/p,n/p,n/p,n/p,178.33269573954155
CJ1,Tamarack,0,-10,41000,0.64,1457,696.9206333717609,125,1564,41004,367.0580974955933,180.4651607712565
CJ1,Tamarack,0,0,41000,0.64,1457,723.4911284010088,130,1564,40900,367.0580974955933,176.9362929647638
CJ1,Tamarack,0,10,41000,0.64,1457,n/p,n/p,n/p,n/p,n/p,182.42390199279046
CJ1,Tamarack,0,20,41000,0.64,1457,n/p,n/p,n/p,n/p,n/p,178.33269573954155
CJ1,Tamarack,0,-10,41000,0.64,1821,464.4505049578816,87,1200,41004,367.0580974955933,180.4651607712565
CJ1,Tamarack,0,0,41000,0.64,1821,484.9033650288716,91,1200,40900,367.0580974955933,176.43995720134367
CJ1,Tamarack,0,10,41000,0.64,1821,n/p,n/p,n/p,n/p,n/p,182.42390199279046
CJ1,Tamarack,0,20,41000,0.64,1821,n/p,n/p,n/p,n/p,n/p,178.33269573954155
CJ1,Tamarack,0,-10,41000,0.63,0,1502.6963219434538,259,2740,41002,361.3228147222247,177.43081102448593
CJ1,Tamarack,0,0,41000,0.63,0,1557.207970350066,269,2740,41004,361.3228147222247,173.44159531647523
CJ1,Tamarack,0,10,41000,0.63,0,n/p,n/p,n/p,n/p,n/p,179.34687404385193
CJ1,Tamarack,0,20,41000,0.63,0,n/p,n/p,n/p,n/p,n/p,175.34390348283688
CJ1,Tamarack,0,-10,41000,0.63,364,1423.3322882057466,247,2657,41004,361.3228147222247,177.42346135409662
CJ1,Tamarack,0,0,41000,0.63,364,1470.126123137457,255,2657,40900,361.3228147222247,173.95203129746668
CJ1,Tamarack,0,10,41000,0.63,364,n/p,n/p,n/p,n/p,n/p,179.3503733021421
CJ1,Tamarack,0,20,41000,0.63,364,n/p,n/p,n/p,n/p,n/p,175.32569109463805
CJ1,Tamarack,0,-10,41000,0.63,728,1180.4430627535794,206,2293,41004,361.3228147222247,177.42346135409662
CJ1,Tamarack,0,0,41000,0.63,728,1219.2075018025735,213,2293,40900,361.3228147222247,173.95203129746668
CJ1,Tamarack,0,10,41000,0.63,728,n/p,n/p,n/p,n/p,n/p,179.3503733021421
CJ1,Tamarack,0,20,41000,0.63,728,n/p,n/p,n/p,n/p,n/p,175.32569109463805
CJ1,Tamarack,0,-10,41000,0.63,1093,938.5575117867519,166,1928,41004,361.3228147222247,177.42346135409662
CJ1,Tamarack,0,0,41000,0.63,1093,971.2999039237087,172,1928,40900,361.3228147222247,173.95203129746668
CJ1,Tamarack,0,10,41000,0.63,1093,n/p,n/p,n/p,n/p,n/p,179.3503733021421
CJ1,Tamarack,0,20,41000,0.63,1093,n/p,n/p,n/p,n/p,n/p,175.32569109463805
CJ1,Tamarack,0,-10,41000,0.63,1457,701.6903332466219,127,1564,41004,361.3228147222247,177.42346135409662
CJ1,Tamarack,0,0,41000,0.63,1457,727.407003986202,131,1564,40900,361.3228147222247,173.95203129746668
CJ1,Tamarack,0,10,41000,0.63,1457,n/p,n/p,n/p,n/p,n/p,179.3503733021421
CJ1,Tamarack,0,20,41000,0.63,1457,n/p,n/p,n/p,n/p,n/p,175.32569109463805
CJ1,Tamarack,0,-10,41000,0.63,1821,466.830503677171,88,1200,41004,361.3228147222247,177.42346135409662
CJ1,Tamarack,0,0,41000,0.63,1821,486.5251275047139,91,1200,40900,361.3228147222247,173.95203129746668
CJ1,Tamarack,0,10,41000,0.63,1821,n/p,n/p,n/p,n/p,n/p,179.3503733021421
CJ1,Tamarack,0,20,41000,0.63,1821,n/p,n/p,n/p,n/p,n/p,175.32569109463805
CJ1,Tamarack,0,-10,41000,0.62,0,1513.71365284225,265,2740,41002,355.587531948856,174.39937139920596
CJ1,Tamarack,0,0,41000,0.62,0,1569.2373449800937,274,2740,41004,355.587531948856,170.47606077576654
CJ1,Tamarack,0,10,41000,0.62,0,n/p,n/p,n/p,n/p,n/p,176.28383430523917
CJ1,Tamarack,0,20,41000,0.62,0,n/p,n/p,n/p,n/p,n/p,172.3469221699357
CJ1,Tamarack,0,-10,41000,0.62,364,1433.8061845191128,252,2657,41004,355.587531948856,174.39214301006413
CJ1,Tamarack,0,0,41000,0.62,364,1480.2852672786562,260,2657,40900,355.587531948856,170.9780554191462
CJ1,Tamarack,0,10,41000,0.62,364,n/p,n/p,n/p,n/p,n/p,176.2872758858933
CJ1,Tamarack,0,20,41000,0.62,364,n/p,n/p,n/p,n/p,n/p,172.32901068355923
CJ1,Tamarack,0,-10,41000,0.62,728,1187.8581415878339,210,2293,41004,355.587531948856,174.39214301006413
CJ1,Tamarack,0,0,41000,0.62,728,1227.4230223372606,217,2293,40900,355.587531948856,170.9780554191462
CJ1,Tamarack,0,10,41000,0.62,728,n/p,n/p,n/p,n/p,n/p,176.2872758858933
CJ1,Tamarack,0,20,41000,0.62,728,n/p,n/p,n/p,n/p,n/p,172.32901068355923
CJ1,Tamarack,0,-10,41000,0.62,1093,944.8733280894618,169,1928,41004,355.587531948856,174.39214301006413
CJ1,Tamarack,0,0,41000,0.62,1093,976.53626368447,175,1928,40900,355.587531948856,170.9780554191462
CJ1,Tamarack,0,10,41000,0.62,1093,n/p,n/p,n/p,n/p,n/p,176.2872758858933
CJ1,Tamarack,0,20,41000,0.62,1093,n/p,n/p,n/p,n/p,n/p,172.32901068355923
CJ1,Tamarack,0,-10,41000,0.62,1457,705.839487168299,129,1564,41004,355.587531948856,174.39214301006413
CJ1,Tamarack,0,0,41000,0.62,1457,730.588220753191,133,1564,40900,355.587531948856,170.9780554191462
CJ1,Tamarack,0,10,41000,0.62,1457,n/p,n/p,n/p,n/p,n/p,176.2872758858933
CJ1,Tamarack,0,20,41000,0.62,1457,n/p,n/p,n/p,n/p,n/p,172.32901068355923
CJ1,Tamarack,0,-10,41000,0.62,1821,468.78113253572377,89,1200,41004,355.587531948856,174.39214301006413
CJ1,Tamarack,0,0,41000,0.62,1821,488.5911503991056,92,1200,40900,355.587531948856,170.9780554191462
CJ1,Tamarack,0,10,41000,0.62,1821,n/p,n/p,n/p,n/p,n/p,176.2872758858933
CJ1,Tamarack,0,20,41000,0.62,1821,n/p,n/p,n/p,n/p,n/p,172.32901068355923
CJ1,Tamarack,0,-10,39000,0.66,0,1357.6096333797161,225,2740,39005,378.5286630423306,197.33059854399198
CJ1,Tamarack,0,0,39000,0.66,0,1414.2528987308006,234,2740,39005,378.5286630423306,192.91683603326584
CJ1,Tamarack,0,10,39000,0.66,0,1468.6627961007391,244,2740,39005,378.5286630423306,188.59920511274277
CJ1,Tamarack,0,20,39000,0.66,0,1524.0282162678523,255,2740,39000,378.5286630423306,184.39741910404527
CJ1,Tamarack,0,-10,39000,0.66,364,1291.960309232539,215,2657,39006,378.5286630423306,197.32738115911488
CJ1,Tamarack,0,0,39000,0.66,364,1345.0293225602456,224,2657,39001,378.5286630423306,192.93963217579216
CJ1,Tamarack,0,10,39000,0.66,364,1397.4316218132628,234,2657,39005,378.5286630423306,188.6028779413785
CJ1,Tamarack,0,20,39000,0.66,364,1450.8417883631478,244,2657,39005,378.5286630423306,184.3783009825989
CJ1,Tamarack,0,-10,39000,0.66,728,1076.4092650001141,181,2293,39006,378.5286630423306,197.32738115911488
CJ1,Tamarack,0,0,39000,0.66,728,1122.1179987686648,189,2293,39001,378.5286630423306,192.93963217579216
CJ1,Tamarack,0,10,39000,0.66,728,1165.0570814456241,197,2293,39005,378.5286630423306,188.6028779413785
CJ1,Tamarack,0,20,39000,0.66,728,1210.0613632111317,206,2293,39005,378.31727219538635,184.12411487873862
CJ1,Tamarack,0,-10,39000,0.66,1093,861.9096892761403,147,1928,39006,378.5286630423306,197.32738115911488
CJ1,Tamarack,0,0,39000,0.66,1093,899.2066749770842,153,1928,39001,378.5286630423306,192.93963217579216
CJ1,Tamarack,0,10,39000,0.66,1093,934.7854780948875,160,1928,39005,378.5286630423306,188.6028779413785
CJ1,Tamarack,0,20,39000,0.66,1093,n/p,n/p,n/p,n/p,n/p,n/p
CJ1,Tamarack,0,-10,39000,0.66,1457,650.5645190775159,114,1564,39006,378.5286630423306,197.32738115911488
CJ1,Tamarack,0,0,39000,0.66,1457,680.5012252193061,119,1564,39001,378.5286630423306,192.93963217579216
CJ1,Tamarack,0,10,39000,0.66,1457,n/p,n/p,n/p,n/p,n/p,n/p
CJ1,Tamarack,0,20,39000,0.66,1457,n/p,n/p,n/p,n/p,n/p,n/p
CJ1,Tamarack,0,-10,39000,0.66,1821,440.2708173873301,80,1200,39006,378.5286630423306,197.32738115911488
CJ1,Tamarack,0,0,39000,0.66,1821,462.85708361154497,84,1200,39001,378.2436601139694,191.73853697713622
CJ1,Tamarack,0,10,39000,0.66,1821,n/p,n/p,n/p,n/p,n/p,n/p
CJ1,Tamarack,0,20,39000,0.66,1821,n/p,n/p,n/p,n/p,n/p,n/p
CJ1,Tamarack,0,-10,39000,0.65,0,1371.633566402574,230,2740,39005,372.793380268962,194.09842317499235
CJ1,Tamarack,0,0,39000,0.65,0,1427.583191899371,239,2740,39005,372.793380268962,189.75400742694504
CJ1,Tamarack,0,10,39000,0.65,0,1479.7172518839284,248,2740,39005,372.793380268962,185.50440337141657
CJ1,Tamarack,0,20,39000,0.65,0,1532.2740103447577,258,2740,39000,372.793380268962,181.36899622902942
CJ1,Tamarack,0,-10,39000,0.65,364,1305.1348658532183,220,2657,39006,372.793380268962,194.09525626734205
CJ1,Tamarack,0,0,39000,0.65,364,1356.9262900225572,229,2657,39001,372.793380268962,189.776444899075
CJ1,Tamarack,0,10,39000,0.65,364,1406.303925006571,237,2657,39005,372.793380268962,185.5080182534697
CJ1,Tamarack,0,20,39000,0.65,364,1455.539481748162,246,2657,39005,372.793380268962,181.35018052534366
CJ1,Tamarack,0,-10,39000,0.65,728,1086.6365235289072,185,2293,39006,372.793380268962,194.09525626734205
CJ1,Tamarack,0,0,39000,0.65,728,1131.1791875263493,192,2293,39001,372.793380268962,189.776444899075
CJ1,Tamarack,0,10,39000,0.65,728,1172.2725251710565,199,2293,39005,372.793380268962,185.5080182534697
CJ1,Tamarack,0,20,39000,0.65,728,1213.2237845733443,207,2293,39005,372.793380268962,181.35018052534366
CJ1,Tamarack,0,-10,39000,0.65,1093,870.2092555394236,150,1928,39006,372.793380268962,194.09525626734205
CJ1,Tamarack,0,0,39000,0.65,1093,906.4676221975552,156,1928,39001,372.793380268962,189.776444899075
CJ1,Tamarack,0,10,39000,0.65,1093,939.276662502952,162,1928,39005,372.793380268962,185.5080182534697
CJ1,Tamarack,0,20,39000,0.65,1093,971.9436245659297,168,1928,39005,372.793380268962,181.35018052534366
CJ1,Tamarack,0,-10,39000,0.65,1457,655.8530618847675,116,1564,39006,372.793380268962,194.09525626734205
CJ1,Tamarack,0,0,39000,0.65,1457,684.8626683710027,120,1564,39001,372.793380268962,189.776444899075
CJ1,Tamarack,0,10,39000,0.65,1457,709.387411337089,125,1564,39005,372.793380268962,185.5080182534697
CJ1,Tamarack,0,20,39000,0.65,1457,734.8057462361438,130,1564,39005,372.7609457604925,179.26246253761832
CJ1,Tamarack,0,-10,39000,0.65,1821,443.5679425649391,81,1200,39006,372.793380268962,194.09525626734205
CJ1,Tamarack,0,0,39000,0.65,1821,465.32878887927757,85,1200,39001,372.793380268962,189.776444899075
CJ1,Tamarack,0,10,39000,0.65,1821,482.6047716734674,88,1200,39005,372.793380268962,185.5080182534697
CJ1,Tamarack,0,20,39000,0.65,1821,n/p,n/p,n/p,n/p,n/p,n/p
CJ1,Tamarack,0,-10,39000,0.64,0,1384.9935190912245,236,2740,39005,367.0580974955933,190.87718570815795
CJ1,Tamarack,0,0,39000,0.64,0,1440.8486921071847,245,2740,39005,367.0580974955933,186.60202316658865
CJ1,Tamarack,0,10,39000,0.64,0,1493.6196458542197,254,2740,39005,367.0580974955933,182.42034496745242
CJ1,Tamarack,0,20,39000,0.64,0,1543.3612384252863,262,2740,39000,367.0580974955933,178.35120953278178
CJ1,Tamarack,0,-10,39000,0.64,364,1317.609336808871,225,2657,39006,367.0580974955933,190.87406921314894
CJ1,Tamarack,0,0,39000,0.64,364,1369.9278495795309,234,2657,39001,367.0580974955933,186.62410247685756
CJ1,Tamarack,0,10,39000,0.64,364,1417.8641831108832,242,2657,39005,367.0580974955933,182.42390199279046
CJ1,Tamarack,0,20,39000,0.64,364,1465.1967166962386,250,2657,39005,367.0580974955933,178.33269573954155
CJ1,Tamarack,0,-10,39000,0.64,728,1096.3548724851512,189,2293,39006,367.0580974955933,190.87406921314894
CJ1,Tamarack,0,0,39000,0.64,728,1140.5165386447984,196,2293,39001,367.0580974955933,186.62410247685756
CJ1,Tamarack,0,10,39000,0.64,728,1181.315631391509,203,2293,39005,367.0580974955933,182.42390199279046
CJ1,Tamarack,0,20,39000,0.64,728,1219.471712539468,210,2293,39005,367.0580974955933,178.33269573954155
CJ1,Tamarack,0,-10,39000,0.64,1093,877.1396198141845,153,1928,39006,367.0580974955933,190.87406921314894
CJ1,Tamarack,0,0,39000,0.64,1093,913.144439362819,159,1928,39001,367.0580974955933,186.62410247685756
CJ1,Tamarack,0,10,39000,0.64,1093,945.7866854985168,165,1928,39005,367.0580974955933,182.42390199279046
CJ1,Tamarack,0,20,39000,0.64,1093,976.8055258618398,170,1928,39005,367.0580974955933,178.33269573954155
CJ1,Tamarack,0,-10,39000,0.64,1457,660.9831846223456,118,1564,39006,367.0580974955933,190.87406921314894
CJ1,Tamarack,0,0,39000,0.64,1457,689.8507633863459,122,1564,39001,367.0580974955933,186.62410247685756
CJ1,Tamarack,0,10,39000,0.64,1457,714.3361629110311,127,1564,39005,367.0580974955933,182.42390199279046
CJ1,Tamarack,0,20,39000,0.64,1457,737.1981566633414,131,1564,39005,367.0580974955933,178.33269573954155
CJ1,Tamarack,0,-10,39000,0.64,1821,446.86596108324574,83,1200,39006,367.0580974955933,190.87406921314894
CJ1,Tamarack,0,0,39000,0.64,1821,467.5766932362328,86,1200,39001,367.0580974955933,186.62410247685756
CJ1,Tamarack,0,10,39000,0.64,1821,484.92485197628315,89,1200,39005,367.0580974955933,182.42390199279046
CJ1,Tamarack,0,20,39000,0.64,1821,500.64960494395854,92,1200,39005,367.0580974955933,178.33269573954155
CJ1,Tamarack,0,-10,39000,0.63,0,1399.2618867189153,241,2740,39005,361.3228147222247,187.66673022374218
CJ1,Tamarack,0,0,39000,0.63,0,1454.4630931968838,250,2740,39005,361.3228147222247,183.46072726057457
CJ1,Tamarack,0,10,39000,0.63,0,1506.1892426320724,259,2740,39005,361.3228147222247,179.34687404385193
CJ1,Tamarack,0,20,39000,0.63,0,1555.6151607702968,268,2740,39000,361.3228147222247,175.34390348283688
CJ1,Tamarack,0,-10,39000,0.63,364,1329.5316024492797,230,2657,39006,361.3228147222247,187.66366407665927
CJ1,Tamarack,0,0,39000,0.63,364,1381.2756251492929,239,2657,39001,361.3228147222247,183.48244891734407
CJ1,Tamarack,0,10,39000,0.63,364,1429.2995260769735,247,2657,39005,361.3228147222247,179.3503733021421
CJ1,Tamarack,0,20,39000,0.63,364,1475.2105213703808,255,2657,39005,361.3228147222247,175.32569109463805
CJ1,Tamarack,0,-10,39000,0.63,728,1106.7158667039032,193,2293,39006,361.3228147222247,187.66366407665927
CJ1,Tamarack,0,0,39000,0.63,728,1150.4304935212,200,2293,39001,361.3228147222247,183.48244891734407
CJ1,Tamarack,0,10,39000,0.63,728,1189.4213240808251,207,2293,39005,361.3228147222247,179.3503733021421
CJ1,Tamarack,0,20,39000,0.63,728,1227.302923491516,214,2293,39005,361.3228147222247,175.32569109463805
CJ1,Tamarack,0,-10,39000,0.63,1093,884.9038054438662,156,1928,39006,361.3228147222247,187.66366407665927
CJ1,Tamarack,0,0,39000,0.63,1093,920.5890363784468,162,1928,39001,361.3228147222247,183.48244891734407
CJ1,Tamarack,0,10,39000,0.63,1093,952.5541455406951,168,1928,39005,361.3228147222247,179.3503733021421
CJ1,Tamarack,0,20,39000,0.63,1093,982.4063490686696,173,1928,39005,361.3228147222247,175.32569109463805
CJ1,Tamarack,0,-10,39000,0.63,1457,666.1027676398479,120,1564,39006,361.3228147222247,187.66366407665927
CJ1,Tamarack,0,0,39000,0.63,1457,694.7622771770517,125,1564,39001,361.3228147222247,183.48244891734407
CJ1,Tamarack,0,10,39000,0.63,1457,718.6979904565837,129,1564,39005,361.3228147222247,179.3503733021421
CJ1,Tamarack,0,20,39000,0.63,1457,740.5207981018419,133,1564,39005,361.3228147222247,175.32569109463805
CJ1,Tamarack,0,-10,39000,0.63,1821,449.3090788065086,84,1200,39006,361.3228147222247,187.66366407665927
CJ1,Tamarack,0,0,39000,0.63,1821,470.94286694633576,87,1200,39001,361.3228147222247,183.48244891734407
CJ1,Tamarack,0,10,39000,0.63,1821,487.85285882849104,91,1200,39005,361.3228147222247,179.3503733021421
CJ1,Tamarack,0,20,39000,0.63,1821,502.64994507637243,93,1200,39005,361.3228147222247,175.32569109463805
CJ1,Tamarack,0,-10,39000,0.62,0,1412.3972136823074,247,2740,39005,355.587531948856,184.46690022731593
CJ1,Tamarack,0,0,39000,0.62,0,1467.913022833599,256,2740,39005,355.587531948856,180.32996321288667
CJ1,Tamarack,0,10,39000,0.62,0,1518.5708116877133,265,2740,39005,355.587531948856,176.28383430523917
CJ1,Tamarack,0,20,39000,0.62,0,1568.0397603235865,274,2740,39000,355.587531948856,172.3469221699357
CJ1,Tamarack,0,-10,39000,0.62,364,1341.4107662613812,235,2657,39006,355.587531948856,184.4638843633664
CJ1,Tamarack,0,0,39000,0.62,364,1392.5546821462408,244,2657,39001,355.587531948856,180.3513277239887
CJ1,Tamarack,0,10,39000,0.62,364,1440.589161515816,252,2657,39005,355.587531948856,176.2872758858933
CJ1,Tamarack,0,20,39000,0.62,364,1486.1747551834032,260,2657,39005,355.587531948856,172.32901068355923
CJ1,Tamarack,0,-10,39000,0.62,728,1116.205329360451,197,2293,39006,355.587531948856,184.4638843633664
CJ1,Tamarack,0,0,39000,0.62,728,1159.447300090892,204,2293,39001,355.587531948856,180.3513277239887
CJ1,Tamarack,0,10,39000,0.62,728,1198.592091161746,211,2293,39005,355.587531948856,176.2872758858933
CJ1,Tamarack,0,20,39000,0.62,728,1235.2879965306126,218,2293,39005,355.587531948856,172.32901068355923
CJ1,Tamarack,0,-10,39000,0.62,1093,891.9876356038233,159,1928,39006,355.587531948856,184.4638843633664
CJ1,Tamarack,0,0,39000,0.62,1093,927.3276611798456,165,1928,39001,355.587531948856,180.3513277239887
CJ1,Tamarack,0,10,39000,0.62,1093,958.570507096281,171,1928,39005,355.587531948856,176.2872758858933
CJ1,Tamarack,0,20,39000,0.62,1093,988.3522104550312,176,1928,39005,355.587531948856,172.32901068355923
CJ1,Tamarack,0,-10,39000,0.62,1457,670.7331712801009,122,1564,39006,355.587531948856,184.4638843633664
CJ1,Tamarack,0,0,39000,0.62,1457,699.1589948460085,127,1564,39001,355.587531948856,180.3513277239887
CJ1,Tamarack,0,10,39000,0.62,1457,722.4998956080252,131,1564,39005,355.587531948856,176.2872758858933
CJ1,Tamarack,0,20,39000,0.62,1457,744.3796538123569,135,1564,39005,355.587531948856,172.32901068355923
CJ1,Tamarack,0,-10,39000,0.62,1821,452.4419363892701,85,1200,39006,355.587531948856,184.4638843633664
CJ1,Tamarack,0,0,39000,0.62,1821,473.9535579450614,89,1200,39001,355.587531948856,180.3513277239887
CJ1,Tamarack,0,10,39000,0.62,1821,490.3802566969633,92,1200,39005,355.587531948856,176.2872758858933
CJ1,Tamarack,0,20,39000,0.62,1821,505.3458128911797,95,1200,39005,355.587531948856,172.32901068355923
CJ1,Tamarack,0,-10,37000,0.66,0,1261.7939037717574,209,2740,37006,378.5286630423306,207.6347225122264
CJ1,Tamarack,0,0,37000,0.66,0,1316.2982063249874,218,2740,37002,378.5286630423306,203.02202208293406
CJ1,Tamarack,0,10,37000,0.66,0,1368.2652732691574,226,2740,37003,378.5286630423306,198.4821587825427
CJ1,Tamarack,0,20,37000,0.66,0,1419.55745352126,235,2740,37000,378.5286630423306,194.05725277292692
CJ1,Tamarack,0,-10,37000,0.66,364,1203.7682616120069,200,2657,37008,378.5286630423306,207.62860506403328
CJ1,Tamarack,0,0,37000,0.66,364,1255.5013763130996,209,2657,37001,378.5286630423306,203.032097453344
CJ1,Tamarack,0,10,37000,0.66,364,1304.31521697798,217,2657,37007,378.5286630423306,198.46234957271005
CJ1,Tamarack,0,20,37000,0.66,364,1352.3351289869697,225,2657,37000,378.5286630423306,194.05999687398992
CJ1,Tamarack,0,-10,37000,0.66,728,1006.0921820232467,169,2293,37008,378.5286630423306,207.62860506403328
CJ1,Tamarack,0,0,37000,0.66,728,1049.4135486567327,176,2293,37001,378.5286630423306,203.032097453344
CJ1,Tamarack,0,10,37000,0.66,728,1090.867109762457,183,2293,37007,378.5286630423306,198.46234957271005
CJ1,Tamarack,0,20,37000,0.66,728,1130.4752737038398,190,2293,37000,378.5286630423306,194.05999687398992
CJ1,Tamarack,0,-10,37000,0.66,1093,809.4675709429372,138,1928,37008,378.5286630423306,207.62860506403328
CJ1,Tamarack,0,0,37000,0.66,1093,845.4286580172673,144,1928,37001,378.5286630423306,203.032097453344
CJ1,Tamarack,0,10,37000,0.66,1093,878.4704710553848,149,1928,37007,378.5286630423306,198.46234957271005
CJ1,Tamarack,0,20,37000,0.66,1093,910.7183554376116,155,1928,37000,378.5286630423306,194.05999687398992
CJ1,Tamarack,0,-10,37000,0.66,1457,614.9458968795241,107,1564,37008,378.5286630423306,207.62860506403328
CJ1,Tamarack,0,0,37000,0.66,1457,643.5467043947001,112,1564,37001,378.5286630423306,203.032097453344
CJ1,Tamarack,0,10,37000,0.66,1457,668.1767693652126,116,1564,37007,378.5286630423306,198.46234957271005
CJ1,Tamarack,0,20,37000,0.66,1457,693.0643741882851,120,1564,37000,378.5286630423306,194.05999687398992
CJ1,Tamarack,0,-10,37000,0.66,1821,421.4756913245531,76,1200,37008,378.5286630423306,207.62860506403328
CJ1,Tamarack,0,0,37000,0.66,1821,442.71621928057266,80,1200,37001,378.5286630423306,203.032097453344
CJ1,Tamarack,0,10,37000,0.66,1821,461.0374732003796,83,1200,37007,378.5286630423306,198.46234957271005
CJ1,Tamarack,0,20,37000,0.66,1821,477.5133299558448,86,1200,37000,378.5286630423306,194.05999687398992
CJ1,Tamarack,0,-10,37000,0.65,0,1276.8163961259238,214,2740,37006,372.793380268962,204.24144275934617
CJ1,Tamarack,0,0,37000,0.65,0,1331.1946572374175,223,2740,37002,372.793380268962,199.70072305707967
CJ1,Tamarack,0,10,37000,0.65,0,1382.6119121211823,232,2740,37003,372.793380268962,195.2319235684334
CJ1,Tamarack,0,20,37000,0.65,0,1434.1270188391616,240,2740,37000,372.793380268962,190.87648750565748
CJ1,Tamarack,0,-10,37000,0.65,364,1216.6708639747437,205,2657,37008,372.793380268962,204.23542062234742
CJ1,Tamarack,0,0,37000,0.65,364,1268.344949642785,213,2657,37001,372.793380268962,199.71064095553484
CJ1,Tamarack,0,10,37000,0.65,364,1317.761420525533,221,2657,37007,372.793380268962,195.21242490918993
CJ1,Tamarack,0,20,37000,0.65,364,1365.1898384672284,229,2657,37000,372.793380268962,190.8791884629538
CJ1,Tamarack,0,-10,37000,0.65,728,1016.8121906638808,173,2293,37008,372.793380268962,204.23542062234742
CJ1,Tamarack,0,0,37000,0.65,728,1060.2019789926117,180,2293,37001,372.793380268962,199.71064095553484
CJ1,Tamarack,0,10,37000,0.65,728,1101.3341525360493,187,2293,37007,372.793380268962,195.21242490918993
CJ1,Tamarack,0,20,37000,0.65,728,1140.4782731384344,193,2293,37000,372.793380268962,190.8791884629538
CJ1,Tamarack,0,-10,37000,0.65,1093,817.9890545204316,141,1928,37008,372.793380268962,204.23542062234742
CJ1,Tamarack,0,0,37000,0.65,1093,853.0945455098522,146,1928,37001,372.793380268962,199.71064095553484
CJ1,Tamarack,0,10,37000,0.65,1093,885.9424217139793,152,1928,37007,372.793380268962,195.21242490918993
CJ1,Tamarack,0,20,37000,0.65,1093,917.8377821444678,157,1928,37000,372.793380268962,190.8791884629538
CJ1,Tamarack,0,-10,37000,0.65,1457,620.2014555443964,109,1564,37008,372.793380268962,204.23542062234742
CJ1,Tamarack,0,0,37000,0.65,1457,649.0937235293342,114,1564,37001,372.793380268962,199.71064095553484
CJ1,Tamarack,0,10,37000,0.65,1457,673.6573023941509,118,1564,37007,372.793380268962,195.21242490918993
CJ1,Tamarack,0,20,37000,0.65,1457,698.3039026527427,122,1564,37000,372.793380268962,190.8791884629538
CJ1,Tamarack,0,-10,37000,0.65,1821,424.4849309031887,77,1200,37008,372.793380268962,204.23542062234742
CJ1,Tamarack,0,0,37000,0.65,1821,446.1284387162299,81,1200,37001,372.793380268962,199.71064095553484
CJ1,Tamarack,0,10,37000,0.65,1821,463.44325740914996,84,1200,37007,372.793380268962,195.21242490918993
CJ1,Tamarack,0,20,37000,0.65,1821,480.8410974958454,87,1200,37000,372.793380268962,190.8791884629538
CJ1,Tamarack,0,-10,37000,0.64,0,1290.7532722372625,219,2740,37006,367.0580974955933,200.85928023771046
CJ1,Tamarack,0,0,37000,0.64,0,1344.9664911638258,228,2740,37002,367.0580974955933,196.39046783126543
CJ1,Tamarack,0,10,37000,0.64,0,1396.2933233558751,237,2740,37003,367.0580974955933,191.99264903200714
CJ1,Tamarack,0,20,37000,0.64,0,1447.261115999073,245,2740,37000,367.0580974955933,187.7065917034235
CJ1,Tamarack,0,-10,37000,0.64,364,1230.0950185826412,210,2657,37008,367.0580974955933,200.8533533219557
CJ1,Tamarack,0,0,37000,0.64,364,1281.6594519006685,218,2657,37001,367.0580974955933,196.40022843033216
CJ1,Tamarack,0,10,37000,0.64,364,1330.530178950633,226,2657,37007,367.0580974955933,191.9734605373202
CJ1,Tamarack,0,20,37000,0.64,364,1377.5145706721828,234,2657,37000,367.0580974955933,187.70924957660324
CJ1,Tamarack,0,-10,37000,0.64,728,1027.1934591337001,177,2293,37008,367.0580974955933,200.8533533219557
CJ1,Tamarack,0,0,37000,0.64,728,1070.6010458407145,184,2293,37001,367.0580974955933,196.40022843033216
CJ1,Tamarack,0,10,37000,0.64,728,1111.3149262796662,191,2293,37007,367.0580974955933,191.9734605373202
CJ1,Tamarack,0,20,37000,0.64,728,1150.1424713902034,197,2293,37000,367.0580974955933,187.70924957660324
CJ1,Tamarack,0,-10,37000,0.64,1093,825.3115055111354,144,1928,37008,367.0580974955933,200.8533533219557
CJ1,Tamarack,0,0,37000,0.64,1093,861.5818514335137,150,1928,37001,367.0580974955933,196.40022843033216
CJ1,Tamarack,0,10,37000,0.64,1093,894.1388852614529,155,1928,37007,367.0580974955933,191.9734605373202
CJ1,Tamarack,0,20,37000,0.64,1093,925.8291895873539,161,1928,37000,367.0580974955933,187.70924957660324
CJ1,Tamarack,0,-10,37000,0.64,1457,626.4883693676958,111,1564,37008,367.0580974955933,200.8533533219557
CJ1,Tamarack,0,0,37000,0.64,1457,654.6018686790635,116,1564,37001,367.0580974955933,196.40022843033216
CJ1,Tamarack,0,10,37000,0.64,1457,680.0216617223684,120,1564,37007,367.0580974955933,191.9734605373202
CJ1,Tamarack,0,20,37000,0.64,1457,703.5551194372574,124,1564,37000,367.0580974955933,187.70924957660324
CJ1,Tamarack,0,-10,37000,0.64,1821,427.6652332242459,79,1200,37008,367.0580974955933,200.8533533219557
CJ1,Tamarack,0,0,37000,0.64,1821,449.6610975773537,82,1200,37001,367.0580974955933,196.40022843033216
CJ1,Tamarack,0,10,37000,0.64,1821,466.92404400964534,85,1200,37007,367.0580974955933,191.9734605373202
CJ1,Tamarack,0,20,37000,0.64,1821,483.3202609398987,88,1200,37000,367.0580974955933,187.70924957660324
CJ1,Tamarack,0,-10,37000,0.63,0,1304.1412081115184,225,2740,37006,361.3228147222247,197.4880800241842
CJ1,Tamarack,0,0,37000,0.63,0,1359.1665005632,234,2740,37002,361.3228147222247,193.09110089247142
CJ1,Tamarack,0,10,37000,0.63,0,1410.3695552145466,242,2740,37003,361.3228147222247,188.76417930722528
CJ1,Tamarack,0,20,37000,0.63,0,1461.2572900891407,251,2740,37000,361.3228147222247,184.54740937284038
CJ1,Tamarack,0,-10,37000,0.63,364,1242.5082860127952,215,2657,37008,361.3228147222247,197.4822482387861
CJ1,Tamarack,0,0,37000,0.63,364,1293.9337121405838,223,2657,37001,361.3228147222247,193.10070436575023
CJ1,Tamarack,0,10,37000,0.63,364,1342.7366047290413,232,2657,37007,361.3228147222247,188.74530059001594
CJ1,Tamarack,0,20,37000,0.63,364,1389.224347764759,240,2657,37000,361.3228147222247,184.55002422156676
CJ1,Tamarack,0,-10,37000,0.63,728,1037.7586910035304,181,2293,37008,361.3228147222247,197.4822482387861
CJ1,Tamarack,0,0,37000,0.63,728,1081.1547212486028,188,2293,37001,361.3228147222247,193.10070436575023
CJ1,Tamarack,0,10,37000,0.63,728,1121.9282179543438,195,2293,37007,361.3228147222247,188.74530059001594
CJ1,Tamarack,0,20,37000,0.63,728,1160.3865651073452,202,2293,37000,361.3228147222247,184.55002422156676
CJ1,Tamarack,0,-10,37000,0.63,1093,834.012770479605,147,1928,37008,361.3228147222247,197.4822482387861
CJ1,Tamarack,0,0,37000,0.63,1093,869.3794048419611,153,1928,37001,361.3228147222247,193.10070436575023
CJ1,Tamarack,0,10,37000,0.63,1093,902.1235056649859,158,1928,37007,361.3228147222247,188.74530059001594
CJ1,Tamarack,0,20,37000,0.63,1093,932.552456935271,164,1928,37000,361.3228147222247,184.55002422156676
CJ1,Tamarack,0,-10,37000,0.63,1457,631.2705244410191,113,1564,37008,361.3228147222247,197.4822482387861
CJ1,Tamarack,0,0,37000,0.63,1457,660.6151118913381,118,1564,37001,361.3228147222247,193.10070436575023
CJ1,Tamarack,0,10,37000,0.63,1457,685.3298168316467,122,1564,37007,361.3228147222247,188.74530059001594
CJ1,Tamarack,0,20,37000,0.63,1457,708.733046704555,127,1564,37000,361.3228147222247,184.55002422156676
CJ1,Tamarack,0,-10,37000,0.63,1821,431.53930185845195,80,1200,37008,361.3228147222247,197.4822482387861
CJ1,Tamarack,0,0,37000,0.63,1821,452.8544934260546,84,1200,37001,361.3228147222247,193.10070436575023
CJ1,Tamarack,0,10,37000,0.63,1821,470.5434769689864,87,1200,37007,361.3228147222247,188.74530059001594
CJ1,Tamarack,0,20,37000,0.63,1821,486.9209854445182,90,1200,37000,361.3228147222247,184.55002422156676
CJ1,Tamarack,0,-10,37000,0.62,0,1318.4534922657517,230,2740,37006,355.587531948856,194.12768644627442
CJ1,Tamarack,0,0,37000,0.62,0,1373.2491688333002,239,2740,37002,355.587531948856,189.80246605830078
CJ1,Tamarack,0,10,37000,0.62,0,1424.3025426966192,248,2740,37003,355.587531948856,185.5463579345716
CJ1,Tamarack,0,20,37000,0.62,0,1474.0899619139957,257,2740,37000,355.587531948856,181.3987839982374
CJ1,Tamarack,0,-10,37000,0.62,364,1255.411376999831,220,2657,37008,355.587531948856,194.121949699517
CJ1,Tamarack,0,0,37000,0.62,364,1306.6741593520512,229,2657,37001,355.587531948856,189.81191258025524
CJ1,Tamarack,0,10,37000,0.62,364,1354.8867646689473,237,2657,37007,355.587531948856,185.52778860703935
CJ1,Tamarack,0,20,37000,0.62,364,1400.8560315623201,245,2657,37000,355.587531948856,181.40135588214298
CJ1,Tamarack,0,-10,37000,0.62,728,1047.9853166963428,185,2293,37008,355.587531948856,194.121949699517
CJ1,Tamarack,0,0,37000,0.62,728,1091.3461538941442,192,2293,37001,355.587531948856,189.81191258025524
CJ1,Tamarack,0,10,37000,0.62,728,1131.656814056622,199,2293,37007,355.587531948856,185.52778860703935
CJ1,Tamarack,0,20,37000,0.62,728,1169.7241357955759,206,2293,37000,355.587531948856,181.40135588214298
CJ1,Tamarack,0,-10,37000,0.62,1093,841.5469995371567,150,1928,37008,355.587531948856,194.121949699517
CJ1,Tamarack,0,0,37000,0.62,1093,877.0058915805396,156,1928,37001,355.587531948856,189.81191258025524
CJ1,Tamarack,0,10,37000,0.62,1093,909.4146065885986,162,1928,37007,355.587531948856,185.52778860703935
CJ1,Tamarack,0,20,37000,0.62,1093,939.5799831731341,167,1928,37000,355.587531948856,181.40135588214298
CJ1,Tamarack,0,-10,37000,0.62,1457,637.0841686665714,116,1564,37008,355.587531948856,194.121949699517
CJ1,Tamarack,0,0,37000,0.62,1457,665.6288586998402,120,1564,37001,355.587531948856,189.81191258025524
CJ1,Tamarack,0,10,37000,0.62,1457,690.1356285534823,125,1564,37007,355.587531948856,185.52778860703935
CJ1,Tamarack,0,20,37000,0.62,1457,713.3868031279017,129,1564,37000,355.587531948856,181.40135588214298
CJ1,Tamarack,0,-10,37000,0.62,1821,434.59682408457894,81,1200,37008,355.587531948856,194.121949699517
CJ1,Tamarack,0,0,37000,0.62,1821,456.2273121077309,85,1200,37001,355.587531948856,189.81191258025524
CJ1,Tamarack,0,10,37000,0.62,1821,473.8198799512563,88,1200,37007,355.587531948856,185.52778860703935
CJ1,Tamarack,0,20,37000,0.62,1821,489.1691093712581,91,1200,37000,355.587531948856,181.40135588214298
